{
    "phantoms": [
        {
            "type": 0,
            "position": {
                "x": -0.09392386674880982,
                "y": -4.225013732910156
            },
            "rotation": {
                "x": 0.0,
                "y": 0.0,
                "z": 0.00001545488521514926,
                "w": 1.0
            }
        },
        {
            "type": 0,
            "position": {
                "x": -0.06225983053445816,
                "y": -2.593120574951172
            },
            "rotation": {
                "x": 0.0,
                "y": 0.0,
                "z": -0.7052037119865418,
                "w": 0.7090047597885132
            }
        },
        {
            "type": 0,
            "position": {
                "x": -0.08180546760559082,
                "y": -3.410032272338867
            },
            "rotation": {
                "x": 0.0,
                "y": 0.0,
                "z": 0.7073105573654175,
                "w": 0.7069029808044434
            }
        }
    ]
}