{
    "phantoms": [
        {
            "type": 0,
            "position": {
                "x": 2.498342865919767e-9,
                "y": -4.225001811981201
            },
            "rotation": {
                "x": 0.0,
                "y": 0.0,
                "z": -1.0,
                "w": 1.6110681144709816e-7
            },
            "scale": {
                "x": 1.0,
                "y": 1.0
            }
        }
    ],
    "puzzles": [
        0
    ],
    "puzzlesScale": {
        "x": 1.0,
        "y": 1.0
    }
}