{
    "phantoms": [
        {
            "type": 0,
            "position": {
                "x": -0.00009245164255844429,
                "y": -4.223405361175537
            },
            "rotation": {
                "x": 0.0,
                "y": 0.0,
                "z": -0.7056928873062134,
                "w": 0.708517849445343
            },
            "scale": {
                "x": 1.0,
                "y": 1.0
            }
        },
        {
            "type": 0,
            "position": {
                "x": -0.0002520051202736795,
                "y": -3.4074316024780275
            },
            "rotation": {
                "x": 0.0,
                "y": 0.0,
                "z": -0.9999956488609314,
                "w": 0.0029538089875131847
            },
            "scale": {
                "x": 1.0,
                "y": 1.0
            }
        },
        {
            "type": 0,
            "position": {
                "x": -0.0004406214284244925,
                "y": -2.592421054840088
            },
            "rotation": {
                "x": 0.0,
                "y": 0.0,
                "z": 0.7091925740242004,
                "w": 0.7050148844718933
            },
            "scale": {
                "x": 1.0,
                "y": 1.0
            }
        }
    ],
    "puzzles": [
        0,
        0,
        0
    ],
    "puzzlesScale": {
        "x": 1.0,
        "y": 1.0
    }
}